<?xml version="1.0" encoding="UTF-8"?>
<project-private xmlns="http://www.netbeans.org/ns/project-private/1">
    <editor-bookmarks xmlns="http://www.netbeans.org/ns/editor-bookmarks/2" lastBookmarkId="0"/>
    <open-files xmlns="http://www.netbeans.org/ns/projectui-open-files/2">
        <group>
            <file>file:/C:/Users/khanflex/Documents/Strathmore%20Documents/Chris%20Java%20Project/FrontDeskApplication/src/Dashboard.java</file>
            <file>file:/C:/Users/khanflex/Documents/Strathmore%20Documents/Chris%20Java%20Project/FrontDeskApplication/src/AddUser.java</file>
            <file>file:/C:/Users/khanflex/Documents/Strathmore%20Documents/Chris%20Java%20Project/FrontDeskApplication/src/User.java</file>
            <file>file:/C:/Users/khanflex/Documents/Strathmore%20Documents/Chris%20Java%20Project/FrontDeskApplication/src/LoginPage.java</file>
        </group>
    </open-files>
</project-private>
